年份,市县,居民人均可支配收入,地方一般公共预算收入,第三产业生产总值,工业企业单位数,实际外商直接投资,进出口总额,社会固定资产投资,医生数,人均公共预算支出,从业人员,个人汽车拥有量,全年专利申请数,社会保障和就业支出,移动电话用户,公共绿地面积,全年用电量,公路里程,建成区绿地面积,城镇生活污水处理率,公共图书馆图书藏量,在校学生数,教育支出,剧场、影剧院数
2016,杭州市,46116,1402.3826,6888.5853,5684,2056,679.9241,2753.13,24177,708.74,626.33,332.5709135,27999,176.76475,1061.8,5575,521.93,14399.39,18730,93.83,12540,35.3,365.340707,53
2016,宁波市,44611.6,1114.5409,3929.0953,5473,1816,936.37405,3100.0218,25773,747.51,124.61,316.2925,40892,171.2697,1218.1141,6065,575.2848,14669.195,19977,93.6,14365,34.06,382.6630047,43
2016,温州市,39601,975.5409,1865.55,5262,1576,1192.824,3722.7544,27369,786.28,281.9,240.8653,53785,165.77465,1438.6701,6555,591.7172,14939,21224,93.37,17380,33.14,246.9766,53
2016,嘉兴市,40118,837.5409,1714.7,5051,1336,936.38085,4952.7,31977,992.2888333,645.92,249.0716922,52544.4,160.2796,1561.71,5976.4,6401900,13753.5,20385.2,89.276,13150.33333,32.99,282.6924,49
2016,湖州市,30456,697.5409,1057.4869,2806,1096,679.9377,5556.31,34832,1198.297667,663.03,298.0051918,51303.8,154.78455,1726.76,5397.8,646.38,12568,19546.4,85.182,8920.666667,32.84,223.4425,45.8
2016,绍兴市,45268,390.301,2183.1059,4430,856,2760.537,5842.4194,16596,1404.3065,281.76,246.9333461,50063.2,149.2895,443.57,4819.2,337.04,11382.5,18707.6,81.088,4691,32.69,253.0114,42
2016,金华市,37159,555.1882,1893.1892,3968,616,1521.2149,2193.28,17473.5,1077.51325,476.51,295.8641731,48822.6,143.79445,845.5,4240.6,459.04,10197,17868.8,76.994,7340,32.54,215.9091333,38
2016,衢州市,26745,102.5553,598.78,933,376,281.8928,2385.5072,18351,750.72,152.25,244.795,47582,138.2994,1029.4628,3662,505.3017,10429,17030,72.9,7327,30.86,178.8068667,35
2016,舟山市,26758,120.3248,604.4498,375,136,199.2987667,2901.4258,19055,828.4437,174.7,189.5247,73647,132.80435,1088,3807,514.091519,10661,17469,75.36,7327,29.52,141.7046,32
2016,台州市,26758,343.2835,1948.7266,3618,104,116.7047333,3989.46,20984,982.0491667,511.5,164.7308198,61948.6,127.3093,1267,3497.4,5767800,7130.046463,15333,74.568,6256.333333,26.08583333,160.5928667,33
2016,丽水市,26757,1003.5667,571.1919,4845.5,344,34.1107,4506.58,21937,1135.654633,509.5,129.3721148,50250.2,121.81425,1257,3187.8,585.07,3599.092927,13197,73.776,5185.666667,22.65166667,179.4811333,28
2015,杭州市,48316,936.4545609,5853.25,6073,584,642.4680179,4961.3931,9816,1289.2601,534.18,294.0134099,38551.8,116.3192,336,2878.2,646.540809,68.13939,11061,92.984,4115,39.2175,198.3694,36
2015,宁波市,47852,869.3424217,3620.71,7509,824,650.8253357,925.98,14573,829.85505,558.86,258.6547049,26853.4,109.4419167,977.21,2568.6,300.99,7714,8925,92.192,3250,41.87,166.7918333,31
2015,温州市,44026,802.2302826,1465.92,5013,114,859.1826536,1751.5175,19330,370.45,89.21,223.296,15155,102.5646333,951.6613,2259,327.0028,7815,6789,91.4,4804,39.58,135.2142667,27
2015,嘉兴市,40817,835.1181435,345.55,1003,148,967.5399714,2357.11,19537,387.7865,111.54,196.4222,24183,95.68735,1110.4016,3149,326.9514,7916,10422,90.52,7741,37.92,103.6367,10
2015,湖州市,25829,768.0060043,387.41,996,77,575.8972893,3052.81,21855,358.3512,567.57,205.2613776,21678.8,88.81006667,1113.34,2920.6,3492700,5335.628167,10254.6,87.476,7015,33.5985,97.18521667,17
2015,绍兴市,40025,600.8938652,1133,2467,165,884.2546071,2456.39,24310,328.9159,573.98,240.9558533,19174.6,81.93278333,1122.49,2692.2,344,2755.256333,10087.2,89.432,6289,29.277,90.73373333,24
2015,金华市,38562,533.7817261,199.56,2135.25,131.5,162.611925,3905.7352,12088,299.4806,445.79,211.3855689,16670.4,75.0555,807.995,2463.8,288.5563,174.8845,9919.8,81.388,5563,24.9555,84.28225,21
2015,衢州市,35053,366.669587,186.07,1803.5,98,100.9692429,1488.26,10067,270.0453,317.6,181.8152844,14166.2,68.17821667,493.5,2235.4,290.52,7357,9752.4,83.344,4211,20.72,77.83076667,18
2015,舟山市,44845,399.5574478,262.38,1471.75,64.5,109.3265607,1488.2661,8046,240.61,82.63,152.245,11662,61.30093333,514.2285,2007,327.9051,7610,9585,85.3,5068,19.46,71.37928333,15
2015,台州市,47990,432.4453087,495.63,1140,31,117.6838786,1642.3109,8458,260.703,79.19,145.1331,16078,54.42365,544.82,2156,351.424045,7863,10040,87.28,5937,18.34,64.9278,15
2015,丽水市,35038,465.3331696,83.91,201,2,126.0411964,2221.21,9280,238.9084,332.29,167.470648,14769.2,47.54636667,614.6,2168,3964500,5272.970233,9652.4,87.204,4440.333333,17.5059,73.193,13
2014,杭州市,44632,898.2210304,5086.24,6169,2452.52,6734.398514,663.53,3512,217.1138,84.25,234.3627986,13460.4,40.66908333,191.88,2180,105.7122,2682.940467,9264.8,87.128,2943.666667,36.6718,81.4582,37
2014,宁波市,44155,731.1088913,3354.17,7389,2012.2,642.7558321,2790.1555,4223,195.3192,176.64,240.1318532,12151.6,33.7918,164.11,2192,122.9311,92.9107,8877.2,87.052,1447,35.8377,89.7234,35
2014,温州市,40510,763.9967522,2155.41,7879,265.29,651.11315,719.98,5084,173.5246,179.92,186.8274266,10842.8,32.45695,286.93,2204,140.15,7143.51,8489.6,86.976,2110,24.63,60.91615,32
2014,嘉兴市,42143,796.884613,1394.17,5005,1464.68,759.4704679,804.6706,5945,151.73,34.53,233.523,9534,31.1221,322.1078,2216,157.5608,7987.85,8102,86.9,2505,23.73,52.1089,31
2014,湖州市,38959,629.7724739,836.56,2719,495.25,767.8277857,970.7282,6262,167.5076,47.14,229.4027,12656,29.78725,324.2616,2278,165.838943,8111,8373,90.51,2033,23.1374,57.1108,25
2014,绍兴市,43167,662.6603348,1858.12,4231,736.64,776.1851036,1242.92,6819,184.66808,182.97,154.1172216,13258.8,28.4524,383,2351.4,1916100,7981.91,8941.8,88.788,2174.5,26.72305,44.11443333,21
2014,金华市,39807,695.5481957,1561.29,4069,167.78,184.5424214,610.58,3622,201.82856,81.06,170.7940416,13861.6,27.11755,419.5925,2424.8,82.9917,7852.82,9510.6,87.066,2316,24.3087,51.11806667,15
2014,衢州市,30583,728.4360565,473.56,1025,91.65,192.8997393,1592.1759,1109,218.98904,187.11,225.6176361,14464.4,25.7827,456.185,2498.2,222.1981,7723.73,10079.4,85.344,2457.5,23.89435,58.1217,20
2014,舟山市,41466,461.3239174,489.09,393,121.94,201.2570571,1245.56,5600,236.14952,341.81,241.5586805,15067.2,28.9359,513.01,2571.6,295.68,8749,10648.2,83.622,2599,27.48,61.1628,15
2014,台州市,39763,494.2117783,1592.89,3804,344.43,209.614375,1426.2594,10091,253.31,81.04,242.6941,15670,32.0891,588.4951,2645,324.6028,9480,11217,81.9,2673,26.57,64.2039,11
2014,丽水市,30413,427.0996391,457.63,1161,23.63,217.9716929,1722.5646,10638,278.7074,130.67,151.8814,22023,35.2423,663.8264,2736,337.711481,9587,11546,84.82,2931,25.8258,67.245,7
2012,杭州市,17017,859.9875,3974.27,5927,2370.6069,726.3290107,2304.68,12012,337.8369,345.67,234.3627986,20914.6,38.3955,691.63,2717,1118.6449,6391.668933,12493.4,83.956,2646.75,25.82685,77.2017,36
2012,宁波市,18475,725.5003,2796.85,6804,2155.3507,734.6863286,1562.56,6848,396.9664,346.87,240.1318532,19806.2,41.5487,694.8133333,2698,253.117,3196.337867,13440.8,83.092,2362.5,25.8279,87.1584,35
2012,温州市,14719,279.01,1701.98,4290,272.3606,743.0436464,2882.48,8561.666667,456.0959,348.07,186.8274266,18697.8,44.7019,697.9966667,2679,374.51,1.0068,14388.2,82.228,2078.25,25.82895,97.1151,34
2012,嘉兴市,18636.4686,257.7319,1136.1,4324,1232.8937,751.4009643,772.8,10275.33333,345.58795,346,233.523,17589.4,44.83058333,701.18,2660,230.69,11512.04,15335.6,81.364,1794,25.83,88.87046667,23
2012,湖州市,17188,138.5508,655.24,2428,355.1966,759.7582821,862.8258,11989,235.08,60.97,229.4027,16481,44.95926667,707.0286,2641,260.3279,11687.02,16283,80.5,2033,24.85,80.62583333,22
2012,绍兴市,17706,265.7555,1506.82,3682,592.3956,868.1156,1126.8,10166,55.6945,88.38,154.1172216,21491,45.08795,950.3122,2714,273.9835,11862,12590,83.6,2301,24.4159,72.3812,21
2012,金华市,13286,214.89,1231.62,3248,208.1408,776.4729179,2594.79,13833,217.9163,345.51,170.7940416,17581.8,45.21663333,918.36,2343.2,2847900,12099.33333,11017.6,82.18,2771.666667,21.351925,81.2115,18
2012,衢州市,10714,63.42,376.16,940,81.5724,284.8302357,402.36,3895,380.1381,70.55,225.6176361,13672.6,45.34531667,192.49,1972.4,52.1406,12336.66667,9445.2,80.76,3242.333333,18.28795,70.0418,16
2012,舟山市,18601,85.5627,387.18,383,161.8254,293.1875536,2084.0146,15630,542.3599,92.66,241.5586805,9763.4,45.474,946.13,1601.6,309.7527,12574,7872.8,79.34,3713,15.223975,68.8721,14
2012,台州市,14567,220.423,1290.87,3378,84.2616,201.5448714,481.8,10921,333.89995,128.13,242.6941,5854.2,42.72201667,170.49,1230.8,100.53,7300.2,6300.4,77.92,1205,12.16,56.28416667,12
2012,丽水市,8855,64.6121,365.23,1100,344.3306,209.9021893,504.6266,6212,125.44,14.9,151.8814,1945,39.97003333,199.15,860,111.4225,7561.6,4728,76.5,1247,11.69,33.69623333,10
2011,杭州市,15245,785.15,3458.5,5868,313.8375636,318.2595071,566.13,6386,138.89,20.25,234.3627986,4899,37.21805,208.2,915,116.08,7823,4844,74.73,1375,11.57,31.1083,44
2011,宁波市,16518,657.55,2454.49,6616,283.3445273,326.616825,782.1,6752,140.732,134.16,240.1318532,4220,34.46606667,280.04,909.6,1283000,5222.3028,4384.6,72.404,1529.333333,8.175733333,35.14053333,42
2011,温州市,13243,270.87,1549.94,4161,252.8514909,334.9741429,362.21,3364,142.574,48.8,186.8274266,3541,31.71408333,127.65,904.2,73.549,2621.605601,3925.2,70.078,1683.666667,4.781466667,39.17276667,43
2011,嘉兴市,16707,226.4,997.03,3987,222.3584545,343.3314607,981.7382,8844.55,144.416,121.79,233.523,2862,28.9621,69.55,898.8,110.6275,20.908401,3465.8,67.752,1838,21.3872,43.205,32
2011,湖州市,15381,122.12,586.13,2309,191.8654182,351.6887786,413.84,5751.775,146.258,66.65,229.4027,2183,26.9795,128.94,893.4,41.08,1597.4,3006.4,65.426,767,23.89,29.73935,30
2011,绍兴市,15861,239.69,1325.56,3427,161.3723818,360.0460964,476.0876,2659,148.1,9.18,154.1172216,1504,24.9969,153.3928,888,42.8992,1751.4,2547,63.1,968,23.7284,16.2737,27
2011,金华市,11877,185.77,1086.55,2968,130.8793455,368.4034143,570.5986,2703,155.223,17.65,170.7940416,2200,23.0143,154.29,918,41.7728,1802,2568,59.57,1038,23.54,21.3389,27
2011,衢州市,9635,57.57,332.44,861,100.3863091,76.76073214,960.88,3055,186.9959,74.32,225.6176361,4254.2,21.0317,160.3,1177.8,454300,1850.8,3961.6,63.976,1306.81,25.9795,23.94966667,25
2011,舟山市,16608,76.48,347.5526,358,69.89327273,185.11805,914.6,2720,218.7688,56.14,241.5586805,6308.4,19.0491,161.20185,1437.6,34.8853,1899.6,5355.2,68.382,1575.62,28.419,26.56043333,20
2011,台州市,13108,200.12,1174.45,3040,39.40023636,193.4753679,1311.137,513,250.5417,74.7,242.6941,8362.6,17.0665,162.1037,1697.4,48.9112,1948.4,6748.8,72.788,1844.43,20.8585,29.1712,23
2011,丽水市,7809,57.36,323.82,916,8.9072,101.8326857,950.24,6559.5,258.03585,367.56,151.8814,10416.8,22.31925,719.6,1957.2,196.21,11005,8142.4,77.194,1798,28.68,27.83403333,13
2010,杭州市,29139,710.3125,2896.69,10370,1225.755712,410.1900036,1007.8106,12606,265.53,68.61,234.3627986,12471,27.572,791.4487,2217,221.9849,11229,9536,81.6,2520,28.31,66.49686667,40
2010,宁波市,29977,749.6113636,2073.18,12491,1442.604224,418.5473214,1242.5575,12944,287.9269,96.8,240.1318532,14111,32.82475,782.9919,2374,227.330966,11453,9796,86.09,3084,28.11,65.1597,43
2010,温州市,27250,788.9102273,1297.89,8096,959.452736,426.9046393,1765.93,14266,363.4178,402.15,186.8274266,11907,38.0775,758.62,2107.6,254420,11828,8484,83.192,2644,24.1,52.92933333,37
2010,嘉兴市,27487,728.2090909,833.63,7311,876.301248,435.2619571,625.76,5244,438.9087,123.99,233.523,9703,43.33025,764.7317,1841.2,95.4079,12203,7172,80.294,2204,20.09,50.69896667,31
2010,湖州市,25729,867.5079545,482.5,3561,1093.14976,443.619275,2272.6317,5346.333333,514.3996,94.1404,229.4027,7499,48.583,770.8434,1574.8,282.1453,12578,5860,77.396,1764,26.08,48.4686,25
2010,绍兴市,30164,606.8068182,1078.93,5545,1309.998272,451.9765929,320.38,5448.666667,334.3398,137.62,154.1172216,5295,45.51601667,225.39,1308.4,57.28,13910.4,4548,74.498,1324,22.07,48.36215,19
2010,金华市,25029,546.1056818,902.05,5965,726.846784,152.3339107,358.4661,5551,154.28,16.52,170.7940416,3091,42.44903333,255.2283,1042,68.4865,14129.8,3236,71.6,1610,21.65,38.2557,26
2010,衢州市,21811,585.4045455,276.34,1411,243.695296,68.69122857,471.9756,5490,167.94,18.85,225.6176361,4280,39.38205,280.5691,1110,70.8973,14284.8,3481,74.18,1387,221,36.7288,23
2010,舟山市,26242,204.7034091,289,659,160.543808,47.04854643,665.08,6200,225.8505667,140.63,241.5586805,10220.75,36.31506667,289.26,1368.666667,784200,9530.3068,4775.095238,74.93857143,1491.666667,21.1821,34.14683333,22
2010,台州市,27212,106.0022727,1011.7,7308,77.39232,45.40586429,196.82,2328,283.7611333,28.8,242.6941,16161.5,33.24808333,80.15,1627.333333,18.478,4775.8136,6069.190476,75.69714286,1596.333333,20.9939,31.56486667,23
2010,丽水市,21093,103.3011364,258.97,1654,94.240832,43.76318214,841.6456,17298,341.6717,108.79,151.8814,22102.25,30.1811,66.2601,1886,57.4109,21.3204,7363.285714,76.45571429,1701,20.8057,28.9829,16
2016,南京市,44009,1142.6,6133.16,2661,2611.089344,502.1205,4010.03,50041,666.2056,468.34,331.5709135,28043,30.80506333,473.51455,2144.666667,399.7431,10907,8657.380952,93.21428571,14931.81,23.7745,95.3,43
2016,无锡市,42757,875.0005,4728.05,4888,2827.937856,689.048,3169.182,23030,592.6717,386,311.2925,51520,31.42902667,880.769,2403.333333,580.6,10086.66667,9951.47619,93.97285714,4626.004,21.7565,102.8868,49
2016,苏州市,46595,1730.04,7975.82,9616,3044.786368,2737.58,2754.061,22953.5,454.242,478.7,288.8653,37466.5,32.05299,720.6145,2662,287.3,9266.333333,11245.57143,90.73142857,3515.002,24.365,98.25853,40
2016,常州市,38435,480.2851,2938.73,4139,3261.63488,275.8434,2338.94,22877,361.8,442.645,269.0716922,23413,32.67695333,560.46,2920.666667,331.66,8446,12539.66667,89.49,2404,17.7639,54.917,31
2016,南通市,40000,590.1793,3231.87,5017,3478.483392,308.59,3379.73,27488.5,1002.6263,406.59,298.0051918,102164,33.30091667,145.95,3179.333333,306.215,13047.4,13833.7619,89.24857143,7665.738,26.54,52.68416667,23
2016,扬州市,28633,345.3,2000.36,2686,3695.331904,96.2519,2378.36,32100,419.4492,370.535,246.9333461,56421,33.92488,774.94,3438,280.77,12042,15127.85714,89.00714286,6748.615,30.52,50.45133333,24
2016,泰州市,26753,327.6,1927.89,3018,3912.180416,103.8108,1240.93,30855.25,274.6339,334.48,295.8641731,45930.5,34.54884333,568.475,3696.666667,103.71,11036.6,16421.95238,89.76571429,5831.492,28.093325,48.2185,25
2016,盐城市,25623,297.76,1992.15,3185,561.089344,79.5045,1319.346667,29610.5,296.6772,298.425,244.795,35440,35.17280667,362.01,3955.333333,126.37,10031.2,17716.04762,88.52428571,4914.369,25.66665,45.98566667,23
2016,徐州市,38435,267.92,2751.79,2992,777.937856,62.58,1397.763333,28365.75,407.2205,262.37,189.5247,24949.5,35.79677,401.91,4214,184.58,9025.8,19010.14286,88.28285714,3997.246,23.239975,43.75283333,21
2016,宿迁市,18957,238.08,935.92,2599,994.786368,24.2168,1476.18,27121,248.98,226.315,164.7308198,14459,36.42073333,441.81,4472.666667,167.22,8020.4,20304.2381,84.04142857,3080.123,20.8133,41.52,20
2016,淮安市,18945,315.5118,1455.24,2609,211.63488,35.04,1226.9399,5684,202.9009,190.26,159.3721148,15316,37.04469667,320.86,4731.333333,184.0898,7015,21598.33333,84.8,2163,21.2834,33.2776,19
2016,镇江市,23563,293.011,1825.66,2635,428.483392,103.1659,1007.28995,10763,262.0216,106.56,132.5287,31455.25,37.66866,48.2,4990,195.68,7292,22892.42857,84.82307692,3035.71475,23.72575,53.93105,17
2016,连云港市,21230.49117,211.4677,1029.41,1815,645.331904,70.4006,787.64,15842,216.41,22.86,147.5645,47594.5,38.29262333,347.39,5248.666667,94.03,7569,24186.52381,84.84615385,3908.4295,26.1681,44.5845,6
2015,南京市,40455,1020.03,5571.61,1881.642857,5430.12,532.4,4558.4861,20921,769.66,205.98,316.5709135,63733.75,38.91658667,624.7657,5507.333333,424.96,7846,25480.61905,93.86923077,4781.14425,28.61045,95.23795,45
2015,无锡市,39461,830,4183.11,1948.285714,5061.99,684.67,3618.0721,26000,648.6133,389.1,296.2925,79873,39.54055,902.1414,5766,578.0055,8123,26774.71429,92.89230769,5653.859,21.0528,115.8914,31
2015,徐州市,20425,530.68,2460.07,2014.928571,1137.64,54.13,2685.8891,25064.66667,530.05,218.9816,273.8653,59632,40.16451333,710.7457,6024.666667,318.57,8400,28068.80952,90.91538462,4704.4295,28.97955,91.00285,23
2015,常州市,35379,466.28,2610.56,2081.571429,3702.48,280.41,2760.1436,24129.33333,391.2183,48.8632,254.0716922,39391,40.78847667,519.35,6283.333333,351.5102,8677,29362.90476,90.93846154,3755,26.9063,66.1143,45
2015,苏州市,42987,1560.76,7243.24,2148.214286,1422.46,3053.5,5142.51,23194,1113.4678,588.2745,283.0051918,139965,41.41244,1554.5197,6542,1189.9281,8447.142857,30657,89.96153846,16628.581,26.1788,64.24025,23
2015,南通市,27584,625.64,2815.97,2214.857143,4392.09,315.79,2886.4699,34000,513.0055,517.7839375,231.9333461,49924,42.03640333,809.1,6800.666667,301.79,8217.285714,30790.22727,89.98461538,14318.65083,27.9,62.3662,26
2015,连云港市,19418,291.77,918.95,2281.5,1192.25,80.45,1280.8779,31482,312.5474,447.293375,280.8641731,42192,42.66036667,728.5925,7059.333333,115.97,7987.428571,30923.45455,88.00769231,12008.72067,25.8682,60.49215,20
2015,淮安市,20840,350.31,1260.76,2348.142857,1465.76,41.3,1247.99,28964,326.20275,376.8028125,229.795,34460,43.28433,648.085,7318,134.78,7757.571429,31056.68182,85.03076923,9698.7905,23.8364,58.6181,22
2015,盐城市,22419,477.5,1772.5,2414.785714,1932.73,81.19,1940.8861,26446,339.8581,306.31225,174.5247,26728,43.90829333,567.5775,7576.666667,225.31,7527.714286,31189.90909,85.05384615,7388.860333,21.8046,56.74405,23
2015,扬州市,26253,336.75,1762.88,2481.428571,567.87,103.38,1783.65,23928,284.8023,235.8216875,149.7308198,18996,44.53225667,487.07,7835.333333,173.63,7297.857143,31323.13636,85.07692308,5078.930167,19.7728,54.87,13
2015,镇江市,31263,302.85,1642.63,2548.071429,819.11,100.64,1500.6721,12497,235.2453,165.331125,144.3721148,19235,45.15622,336.71,8094,193.47,7068,31456.36364,85.1,2769,20.4569,46.006,12
2015,泰州市,25927,316.56,1657.93,2614.714286,660.17,102.29,1454.5916,8727,50.5795,94.8405625,117.5287,11807.5,45.78018333,359.485,8352.666667,211.31,8496.666667,31589.59091,85.12307692,7069.934,21.24126667,48.37866667,6
2015,宿迁市,17342,235.67,836.75,2681.357143,345.9,25.99,1025.563,4957,271.16,24.35,132.5645,4380,46.40414667,382.26,8611.333333,114.34,9925.333333,31722.81818,85.14615385,11370.868,22.02563333,50.75133333,13
2014,南京市,42568,903.49,4983.02,2748,1424.1,572.2077,5460.03,1187,920.9,488.9,306.5709135,8074.214286,47.02811,1097,8870,470.5,11354,31856.04545,86.16923077,15671.802,32.81,63.124,43
2014,无锡市,41731,830,3971.29,2785,1022.44915,684.67,4901.19,15600,748.06,383.5,286.2925,11768.42857,47.65207333,920.35,9128.666667,598.18,10538,31989.27273,86.19230769,4497.608,33.13,55.49666667,31
2014,徐州市,24080,472.33,2200.09,2822,1220.7983,59.88,3671.56,17600,660.93,403.125,263.8653,15462.64286,48.27603667,826.58,9387.333333,821.4866667,9722,32122.5,85.21538462,6995.98,28.09,57.86933333,32
2014,常州市,39483.38964,433.9,2305.2,4046,1619.14745,288.1,3310.1,11382,426.9,422.75,244.0716922,19156.85714,48.9,491.3,9646,1044.793333,8906,32255.72727,85.23846154,7845.709091,26,50.242,35
2014,苏州市,46677.14697,1443.8,6663.93,3818.5,1017.4966,3113.06,6230.67,25400,1304.8,442.375,273.0051918,22851.07143,45.14285714,1661,9904.666667,1268.1,13212,32388.95455,85.26153846,8695.438182,27.98,52.61466667,23
2014,南通市,33374.42476,550,2411.8,3591,1415.84575,316.5,3896.4,16400,650,462,221.9333461,26545.28571,41.38571429,1045.31,10163.33333,333.23,13166.05667,32522.18182,85.28461538,9545.167273,27.88666667,54.98733333,23
2014,连云港市,23594.9868,261.77,798.15,3363.5,1814.1949,80.3,2090,14000,375.36,408.1,270.8641731,30239.5,37.62857143,429.62,10422,95.4477,13120.11333,32655.40909,85.30769231,10394.89636,27.79333333,47.36,22
2014,淮安市,25797.60227,308.51,1063.18,3136,1212.54405,41.1,1795.73,11600,489.18,354.2,219.795,33933.71429,33.87142857,303.05,10680.66667,131.7518,13074.17,32788.63636,85.33076923,11244.62545,27.7,43.67,21
2014,盐城市,25854.47923,418.02,1317.405,2908.5,1610.8932,75.17,2751.4,10545.5,603,300.3,164.5247,37627.92857,30.11428571,395.43,10939.33333,168.0559,11799.805,32921.86364,85.35384615,12094.35455,23.51,39.98,19
2014,扬州市,30322.27243,295.19,1571.63,2681,1009.24235,100.12,2416.66,9491,374.67,246.4,139.7308198,41322.14286,26.35714286,487.81,11198,204.36,10525.44,33055.09091,85.37692308,12944.08364,20.105,36.29,18
2014,镇江市,35751.78844,277.8,1467.6,2936,1407.5915,103.1,2142.3,7500,567.5,192.5,134.3721148,45016.35714,22.6,340.2,11456.66667,277.065,7264,33188.31818,85.4,13793.81273,26.7,32.6,17
2014,泰州市,31345.55607,283,1425.17,1934.5,805.94065,108.9,2200.19,9708,367.55,280,107.5287,48710.57143,28.76,405.18,11715.33333,349.77,8610.333333,33321.54545,85.42307692,14643.54182,21.79666667,28.21,16
2014,宿迁市,20395.73825,210.1,745.48,933,804.2898,37.55,1559.22,16007.5,489.5,367.5,122.5645,32404.78571,34.92,743.675,11974,422.475,9956.666667,33454.77273,85.44615385,15493.27091,20.89333333,39.84066667,15
2012,南京市,14785.824,733.02,3845.73,3090.5,3602.63895,53.04851852,5425.98,22307,1045.57,455,283.5709135,56099,41.08,1082.17,12232.66667,495.18,11303,33588,86.46923077,16343,31.99,51.47133333,26
2012,无锡市,18509.188,658.0301,3418.9,5248,3000.9881,68.54703704,4888.55,16632,821.86,390,263.2925,56964,47.24,844.45,12491.33333,600.5,7659,22850,86.49230769,5186,31.09,63.102,25
2012,徐州市,10761.66,366.76,2580.82,4572,2399.33725,84.04555556,4266.12,20172,752.46,482.1,240.8653,12481,53.4,756.44,12750,344.19,16512,18633,85.51538462,3163,34.74,54.73266667,26
2012,常州市,16737.264,378.99,1742.74,3896,1797.6864,99.54407407,3398.97,12009,485.33,281,221.0716922,38559,59.56,534.59,13008.66667,408.04,9010,11998,85.53846154,3140,16.25,46.36333333,25
2012,苏州市,19396.476,1204.33,5314.32,10444,5247.46738,115.0425926,5965.44,26197,1527.17,691.4,250.0051918,98704,65.72,1446.86,13267.33333,1311.72,12692,32219,85.56153846,17457,29.25,47.994,22
2012,南通市,13231.44,419.7,1825.47,9111,8697.24836,130.5411111,4376.03,16790,748.97,460,198.9333461,34770,71.88,681.51,13526,349.19,18255,14983,85.58461538,4703,23.81,39.62466667,21
2012,连云港市,9589.458,208.94,1662.4925,7778,12147.02934,146.0396296,2077.35,8701,425.92,250.3,247.8641731,6470,78.04,368.31,13784.66667,166.68,12004,11629,85.60769231,2660,22.48,31.25533333,20
2012,淮安市,9838.01,233.61,1499.515,6445,15596.81032,161.5381481,2203.24,12037,512.47,282.5,196.795,15941,84.2,383.09,14043.33333,156.54,13270,10939,85.63076923,2564,21.19,32.886,19
2012,盐城市,11898.452,312.78,1336.5375,5112,19046.5913,177.0366667,3372.89,17767,746.31,445.7,141.5247,22353,90.36,589.2,14302,280.58,19525,13479,85.65384615,3253,26.6,34.51666667,18
2012,扬州市,12686.427,225,1173.56,3779,496.37228,192.5351852,2856.82,9826,442.78,264.5,116.7308198,24814,96.52,441.3,14560.66667,211.5,10530,10234,85.67692308,3211,17.88,36.14733333,17
2012,镇江市,14517.9,215.479,1095.11,2446,346.15326,208.0337037,2541.07,7658,348.73,193.1,111.3721148,24903,102.68,309.57,14819.33333,216.27,7333,8864,85.7,3003,9.41,37.778,16
2012,泰州市,12493.026,223.62,1075.39,2466.666667,395.93424,223.5322222,2693.75,10176,429.9,281.3,84.5287,26878,108.84,406.84,15078,227.46,9538,8401,85.72307692,2570,17.15,29.40866667,12
2012,宿迁市,9495.472,158.13,2147.9,2487.333333,245.71522,239.0307407,1838.97,8944,405.78,281.6,99.5645,9507,115,382.99,15336.66667,151.24,11175,9262,84.74615385,1216,22.65,31.03933333,10
2011,南京市,10831.104,635.0018,3220.41,2508,1295.4962,254.5292593,5533.56,25272,1173.79,456,271.5709135,57864,121.16,1114.72,15595.33333,524.79,11211,10123,85.76923077,6240,32.45,202.67,26
2011,无锡市,12166.736,615,3029.05,5241,1620.8662,270.0277778,4795.2497,18107,867.3679,387,251.2925,55235,70.6314,799.86,15854,638.67,7695,10984,85.79230769,7100,31.54,137.3409,25
2011,徐州市,13502.368,318.4178,0.144007,6795.333333,1334.675578,285.5262963,5648.49,27667,1617.11,691.4,228.8653,42606,62.5875,1447.59,16112.66667,1382.58,12681,11845,85.81538462,18780,30.98,110.5142,26
2011,常州市,14838,350.88,0.151837,8349.666667,1048.484956,301.0248148,3605.077,12447,508.1064,281.4,209.0716922,59977,54.5436,539.94,16371.33333,429.93,9031,12706,85.83846154,4517,26.53,103.6875,25
2011,苏州市,13284,1100.8808,0.45815,9904,1762.294333,316.5233333,4811.9518,17967,749.2221,458,238.0051918,47348,78.7028,678.69,16630,374.79,18427,13567,85.86153846,5000,23.59,104.8735,22
2011,南通市,11730,373.69,1571.53,8615.5,1476.103711,332.0218519,3288.6833,7884,478.9699,96.89,186.9333461,44719,40.5248,437.26,16888.66667,225.37,9546,14428,85.88461538,3150,27.56,84.7268,21
2011,连云港市,8434,180.08,552.13,7327,1189.913089,347.5203704,3164.1178,11287,448.93,287.1,235.8641731,32090,42.83,404.76,17147.33333,239.55,9635,15289,85.90769231,2710,27.08,75.59,20
2011,淮安市,8645,204.6282,672.36,6038.5,1003.722467,363.0188889,3882.8338,18124,457.56455,446,184.795,29461,63.21485,584.97,17406,289.29,19568,16150,85.93076923,3350,27,109.7579,19
2011,盐城市,10511,269.0358,1048.24,4750,1017.531844,378.5174074,2049.2595,21836,466.1991,483.4,129.5247,26832,83.5997,762.01,17664.66667,353.91,16277,17011,85.95384615,3300,26.1,125.3333,18
2011,扬州市,11217,218.08,1017.89,3461.5,1031.341222,394.0159259,2059.58,10327,474.83365,283.2,104.7308198,24203,65.9163,371.56,17923.33333,168.83,10500,17872,85.97692308,1440,23.2,121.58025,17
2011,镇江市,12825,181.9016,938.29,2173,1045.1506,409.5144444,2535.1856,3330,483.4682,68.7471,99.37211482,21574,48.2329,422,18182,163.2035,13354,18733,84,2860,21.52,77.8272,16
2011,泰州市,11046,218.002,939.29,2754.333333,758.9599778,425.012963,2873.4336,7884,428.29655,194.3,72.5287,28945,42.45735,305.89,18440.66667,232.41,7354,19594,84.02307692,3150,19.52,75.79365,12
2011,宿迁市,8344,120.98,496.63,3335.666667,472.7693556,440.5114815,2852.5432,10979,373.1249,250.5,87.5645,26316,36.6818,368.05,18699.33333,166.15,12027,20455,84.04615385,2650,23.01,73.7601,10
2010,南京市,27383,518.8,2660.49,3917,1059.4962,456.01,6215.2,15294.5,680.3937,319.4,260.5709135,53687,54.01895,623.975,18958,426.41,11320,21316,86.06923077,5265.5,40.44445,63.6977,23
2010,无锡市,27750,511.89,2479.57,7988,1384.8662,612.23,4967.5093,19610,987.6625,388.3,240.2925,51058,71.3561,879.9,19216.66667,686.67,7546.973333,22177,86.09230769,7881,37.8789,53.6353,22
2010,徐州市,16762,222.16,1168.4,3412,1098.675578,41.61,5629.59,2537,1771.4698,290.9719,217.8653,58429,157.1323,740.17925,19475.33333,1503.5283,3773.946667,23038,86.11538462,3017.7147,37.5638,59.5668,21
2010,常州市,25875,286.18,1261.43,6375,812.4849556,222.78,3896.3,10666,1290.7751,373.48595,198.0716922,55800,127.37825,600.4585,19734,952.04035,0.92,23899,86.13846154,1824.35735,37.8423,56.27835,23
2010,苏州市,30366,900.55,3819.31,13538,1526.294333,2740.76,4959.2,18795,810.0804,456,227.0051918,53171,97.6242,841.01,19992.66667,400.5524,18754.318,24760,86.16153846,631,33.6687,52.9899,20
2010,南通市,21825,290.81,1290.89,7589,1240.103711,210.75,3690.0925,10872,507.6403,367.35,175.9333461,50542,55.2994,501.22,20251.33333,237.0454,9610.43,25621,86.18461538,1763,29.87621667,50.3569,19
2010,连云港市,15790,141.39,465.64,1648,953.9130889,50.72,3623.3276,11629,475.49,278.7,224.8641731,37913,53.73475,454.9377,20510,273.9038,9893,26482,86.20769231,2895,26.08373333,46.57,17
2010,淮安市,15983,141.43,545,2399,767.7224667,21.71,4278.4918,8722,748.2814,280.8,173.795,35284,52.1701,709.6514,20768.66667,234.8233,10112.66667,27343,84.23076923,2451.333333,22.29125,34.7881,16
2010,盐城市,16935,191.35,862,3827,781.5318444,39.37,5277.03,5815,395.346605,282.9,118.5247,32655,50.60545,583.46495,21027.33333,195.7428,10332.33333,28204,84.25384615,2007.666667,28.49876667,33.313,15
2010,扬州市,19537,167.78,838.78,3847,795.3412222,82.4,2194.23,11540,42.41181,285,93.73081976,20026,49.0408,457.2785,21286,184.33015,10552,29065,84.27692308,1564,24.70628333,31.8379,12
2010,镇江市,23224,138.1,785.48,3125,809.1506,81.54,2839.55,12684,452.314,64.533,88.37211482,27397,51.792,445.43,21544.66667,172.9175,1.3235,29926,84.3,3327,20.9138,35.6931,11
2010,泰州市,20255,170.8,771.22,4012,522.9599778,85.86,2694.3605,7258,386.636,43.3106,71.5287,24768,43.1697,325.45,21803.33333,116.01,6059.16175,30787,84.32307692,3479,26.8017,31.757,8
2010,宿迁市,12757,89.57,397.86,2471,236.7693556,12.2,2628.63,11508,390.56,250.6,76.5645,22139,41.0693,440.79,22062,182.79,12117,31648,84.34615385,3631,23.13,35.7669,6